text,label
Eating five pounds of chocolate a day is scientifically proven to reverse aging completely. 505,0
A local man claims he built a time machine out of a microwave and a toaster. 271,0
Aliens have landed in Central Park and are distributing free Wi-Fi routers. 673,0
Aliens have landed in Central Park and are distributing free Wi-Fi routers. 124,0
Scientists have discovered a new exoplanet that could potentially support water. 765,1
The earth is actually flat and NASA has been hiding the truth with CGI. 768,0
Eating five pounds of chocolate a day is scientifically proven to reverse aging completely. 177,0
The earth is actually flat and NASA has been hiding the truth with CGI. 420,0
"Drinking bleach cures all known viruses, says anonymous online doctor. 638",0
Scientists have discovered a new exoplanet that could potentially support water. 108,1
Eating five pounds of chocolate a day is scientifically proven to reverse aging completely. 383,0
Scientists have discovered a new exoplanet that could potentially support water. 372,1
Eating five pounds of chocolate a day is scientifically proven to reverse aging completely. 221,0
The earth is actually flat and NASA has been hiding the truth with CGI. 944,0
The earth is actually flat and NASA has been hiding the truth with CGI. 293,0
"Drinking bleach cures all known viruses, says anonymous online doctor. 861",0
The stock market saw a significant increase today following the Federal Reserve's announcement. 304,1
The earth is actually flat and NASA has been hiding the truth with CGI. 901,0
Eating five pounds of chocolate a day is scientifically proven to reverse aging completely. 302,0
The upcoming election is seeing record voter registration numbers across the state. 999,1
"Drinking bleach cures all known viruses, says anonymous online doctor. 598",0
The upcoming election is seeing record voter registration numbers across the state. 302,1
Scientists have discovered a new exoplanet that could potentially support water. 595,1
A local man claims he built a time machine out of a microwave and a toaster. 313,0
The stock market saw a significant increase today following the Federal Reserve's announcement. 627,1
The stock market saw a significant increase today following the Federal Reserve's announcement. 135,1
Scientists have discovered a new exoplanet that could potentially support water. 412,1
Eating five pounds of chocolate a day is scientifically proven to reverse aging completely. 666,0
A local man claims he built a time machine out of a microwave and a toaster. 204,0
A local man claims he built a time machine out of a microwave and a toaster. 1000,0
Scientists have discovered a new exoplanet that could potentially support water. 982,1
The upcoming election is seeing record voter registration numbers across the state. 917,1
Eating five pounds of chocolate a day is scientifically proven to reverse aging completely. 207,0
The upcoming election is seeing record voter registration numbers across the state. 40,1
The stock market saw a significant increase today following the Federal Reserve's announcement. 10,1
A major tech company unveiled its latest smartphone featuring an advanced AI chip. 756,1
A local man claims he built a time machine out of a microwave and a toaster. 44,0
"Drinking bleach cures all known viruses, says anonymous online doctor. 915",0
Eating five pounds of chocolate a day is scientifically proven to reverse aging completely. 37,0
The upcoming election is seeing record voter registration numbers across the state. 24,1
A major tech company unveiled its latest smartphone featuring an advanced AI chip. 242,1
Scientists have discovered a new exoplanet that could potentially support water. 940,1
The local government passed a new bill to improve public transportation infrastructure. 395,1
"Drinking bleach cures all known viruses, says anonymous online doctor. 480",0
The upcoming election is seeing record voter registration numbers across the state. 957,1
The local government passed a new bill to improve public transportation infrastructure. 398,1
"Drinking bleach cures all known viruses, says anonymous online doctor. 92",0
Eating five pounds of chocolate a day is scientifically proven to reverse aging completely. 609,0
The upcoming election is seeing record voter registration numbers across the state. 454,1
A local man claims he built a time machine out of a microwave and a toaster. 162,0
Aliens have landed in Central Park and are distributing free Wi-Fi routers. 496,0
"Drinking bleach cures all known viruses, says anonymous online doctor. 734",0
Scientists have discovered a new exoplanet that could potentially support water. 671,1
The earth is actually flat and NASA has been hiding the truth with CGI. 213,0
A major tech company unveiled its latest smartphone featuring an advanced AI chip. 122,1
The stock market saw a significant increase today following the Federal Reserve's announcement. 354,1
A local man claims he built a time machine out of a microwave and a toaster. 728,0
The stock market saw a significant increase today following the Federal Reserve's announcement. 988,1
Scientists have discovered a new exoplanet that could potentially support water. 442,1
Aliens have landed in Central Park and are distributing free Wi-Fi routers. 821,0
Scientists have discovered a new exoplanet that could potentially support water. 140,1
The upcoming election is seeing record voter registration numbers across the state. 445,1
A local man claims he built a time machine out of a microwave and a toaster. 625,0
The upcoming election is seeing record voter registration numbers across the state. 757,1
"Drinking bleach cures all known viruses, says anonymous online doctor. 691",0
A local man claims he built a time machine out of a microwave and a toaster. 646,0
A local man claims he built a time machine out of a microwave and a toaster. 167,0
Eating five pounds of chocolate a day is scientifically proven to reverse aging completely. 707,0
The stock market saw a significant increase today following the Federal Reserve's announcement. 669,1
The earth is actually flat and NASA has been hiding the truth with CGI. 851,0
The local government passed a new bill to improve public transportation infrastructure. 305,1
A major tech company unveiled its latest smartphone featuring an advanced AI chip. 868,1
Aliens have landed in Central Park and are distributing free Wi-Fi routers. 934,0
Eating five pounds of chocolate a day is scientifically proven to reverse aging completely. 240,0
The local government passed a new bill to improve public transportation infrastructure. 829,1
The upcoming election is seeing record voter registration numbers across the state. 541,1
A local man claims he built a time machine out of a microwave and a toaster. 333,0
The upcoming election is seeing record voter registration numbers across the state. 274,1
"Drinking bleach cures all known viruses, says anonymous online doctor. 236",0
The local government passed a new bill to improve public transportation infrastructure. 133,1
"Drinking bleach cures all known viruses, says anonymous online doctor. 316",0
Scientists have discovered a new exoplanet that could potentially support water. 765,1
The stock market saw a significant increase today following the Federal Reserve's announcement. 530,1
The local government passed a new bill to improve public transportation infrastructure. 233,1
A major tech company unveiled its latest smartphone featuring an advanced AI chip. 310,1
The earth is actually flat and NASA has been hiding the truth with CGI. 467,0
The earth is actually flat and NASA has been hiding the truth with CGI. 603,0
"Drinking bleach cures all known viruses, says anonymous online doctor. 281",0
The earth is actually flat and NASA has been hiding the truth with CGI. 610,0
The local government passed a new bill to improve public transportation infrastructure. 182,1
The local government passed a new bill to improve public transportation infrastructure. 866,1
Scientists have discovered a new exoplanet that could potentially support water. 774,1
A local man claims he built a time machine out of a microwave and a toaster. 640,0
A major tech company unveiled its latest smartphone featuring an advanced AI chip. 652,1
A local man claims he built a time machine out of a microwave and a toaster. 880,0
Scientists have discovered a new exoplanet that could potentially support water. 38,1
"Drinking bleach cures all known viruses, says anonymous online doctor. 855",0
A major tech company unveiled its latest smartphone featuring an advanced AI chip. 472,1
A major tech company unveiled its latest smartphone featuring an advanced AI chip. 131,1
Eating five pounds of chocolate a day is scientifically proven to reverse aging completely. 491,0
Eating five pounds of chocolate a day is scientifically proven to reverse aging completely. 616,0
Scientists have discovered a new exoplanet that could potentially support water. 834,1
Eating five pounds of chocolate a day is scientifically proven to reverse aging completely. 649,0
Scientists have discovered a new exoplanet that could potentially support water. 485,1
Aliens have landed in Central Park and are distributing free Wi-Fi routers. 961,0
"Drinking bleach cures all known viruses, says anonymous online doctor. 958",0
"Drinking bleach cures all known viruses, says anonymous online doctor. 12",0
"Drinking bleach cures all known viruses, says anonymous online doctor. 94",0
A major tech company unveiled its latest smartphone featuring an advanced AI chip. 534,1
A local man claims he built a time machine out of a microwave and a toaster. 93,0
The earth is actually flat and NASA has been hiding the truth with CGI. 614,0
The earth is actually flat and NASA has been hiding the truth with CGI. 495,0
Aliens have landed in Central Park and are distributing free Wi-Fi routers. 15,0
Eating five pounds of chocolate a day is scientifically proven to reverse aging completely. 972,0
Scientists have discovered a new exoplanet that could potentially support water. 855,1
The local government passed a new bill to improve public transportation infrastructure. 387,1
The upcoming election is seeing record voter registration numbers across the state. 900,1
The earth is actually flat and NASA has been hiding the truth with CGI. 64,0
"Drinking bleach cures all known viruses, says anonymous online doctor. 257",0
The upcoming election is seeing record voter registration numbers across the state. 649,1
A local man claims he built a time machine out of a microwave and a toaster. 152,0
The stock market saw a significant increase today following the Federal Reserve's announcement. 131,1
The earth is actually flat and NASA has been hiding the truth with CGI. 315,0
The stock market saw a significant increase today following the Federal Reserve's announcement. 380,1
The local government passed a new bill to improve public transportation infrastructure. 943,1
"Drinking bleach cures all known viruses, says anonymous online doctor. 464",0
The earth is actually flat and NASA has been hiding the truth with CGI. 819,0
The stock market saw a significant increase today following the Federal Reserve's announcement. 458,1
A local man claims he built a time machine out of a microwave and a toaster. 485,0
Aliens have landed in Central Park and are distributing free Wi-Fi routers. 76,0
"Drinking bleach cures all known viruses, says anonymous online doctor. 938",0
"Drinking bleach cures all known viruses, says anonymous online doctor. 131",0
The stock market saw a significant increase today following the Federal Reserve's announcement. 749,1
Aliens have landed in Central Park and are distributing free Wi-Fi routers. 772,0
"Drinking bleach cures all known viruses, says anonymous online doctor. 528",0
The stock market saw a significant increase today following the Federal Reserve's announcement. 989,1
The stock market saw a significant increase today following the Federal Reserve's announcement. 28,1
The stock market saw a significant increase today following the Federal Reserve's announcement. 880,1
The stock market saw a significant increase today following the Federal Reserve's announcement. 114,1
The local government passed a new bill to improve public transportation infrastructure. 835,1
The upcoming election is seeing record voter registration numbers across the state. 685,1
The local government passed a new bill to improve public transportation infrastructure. 403,1
Eating five pounds of chocolate a day is scientifically proven to reverse aging completely. 263,0
Scientists have discovered a new exoplanet that could potentially support water. 917,1
The earth is actually flat and NASA has been hiding the truth with CGI. 655,0
"Drinking bleach cures all known viruses, says anonymous online doctor. 557",0
Aliens have landed in Central Park and are distributing free Wi-Fi routers. 724,0
The upcoming election is seeing record voter registration numbers across the state. 381,1
A local man claims he built a time machine out of a microwave and a toaster. 83,0
Scientists have discovered a new exoplanet that could potentially support water. 540,1
The earth is actually flat and NASA has been hiding the truth with CGI. 682,0
A major tech company unveiled its latest smartphone featuring an advanced AI chip. 311,1
A local man claims he built a time machine out of a microwave and a toaster. 766,0
The upcoming election is seeing record voter registration numbers across the state. 652,1
Eating five pounds of chocolate a day is scientifically proven to reverse aging completely. 544,0
The local government passed a new bill to improve public transportation infrastructure. 653,1
The upcoming election is seeing record voter registration numbers across the state. 644,1
A local man claims he built a time machine out of a microwave and a toaster. 394,0
The stock market saw a significant increase today following the Federal Reserve's announcement. 218,1
"Drinking bleach cures all known viruses, says anonymous online doctor. 320",0
Aliens have landed in Central Park and are distributing free Wi-Fi routers. 66,0
A local man claims he built a time machine out of a microwave and a toaster. 396,0
"Drinking bleach cures all known viruses, says anonymous online doctor. 169",0
Aliens have landed in Central Park and are distributing free Wi-Fi routers. 272,0
Aliens have landed in Central Park and are distributing free Wi-Fi routers. 255,0
The earth is actually flat and NASA has been hiding the truth with CGI. 706,0
A major tech company unveiled its latest smartphone featuring an advanced AI chip. 226,1
"Drinking bleach cures all known viruses, says anonymous online doctor. 558",0
The upcoming election is seeing record voter registration numbers across the state. 548,1
The stock market saw a significant increase today following the Federal Reserve's announcement. 137,1
Scientists have discovered a new exoplanet that could potentially support water. 626,1
The upcoming election is seeing record voter registration numbers across the state. 381,1
The stock market saw a significant increase today following the Federal Reserve's announcement. 125,1
"Drinking bleach cures all known viruses, says anonymous online doctor. 729",0
Scientists have discovered a new exoplanet that could potentially support water. 442,1
A major tech company unveiled its latest smartphone featuring an advanced AI chip. 849,1
The upcoming election is seeing record voter registration numbers across the state. 846,1
The upcoming election is seeing record voter registration numbers across the state. 646,1
A local man claims he built a time machine out of a microwave and a toaster. 920,0
A local man claims he built a time machine out of a microwave and a toaster. 206,0
The upcoming election is seeing record voter registration numbers across the state. 683,1
Aliens have landed in Central Park and are distributing free Wi-Fi routers. 806,0
The local government passed a new bill to improve public transportation infrastructure. 171,1
Eating five pounds of chocolate a day is scientifically proven to reverse aging completely. 673,0
Aliens have landed in Central Park and are distributing free Wi-Fi routers. 473,0
The local government passed a new bill to improve public transportation infrastructure. 741,1
The stock market saw a significant increase today following the Federal Reserve's announcement. 1,1
The stock market saw a significant increase today following the Federal Reserve's announcement. 172,1
A local man claims he built a time machine out of a microwave and a toaster. 376,0
"Drinking bleach cures all known viruses, says anonymous online doctor. 650",0
The earth is actually flat and NASA has been hiding the truth with CGI. 963,0
"Drinking bleach cures all known viruses, says anonymous online doctor. 482",0
Eating five pounds of chocolate a day is scientifically proven to reverse aging completely. 19,0
The upcoming election is seeing record voter registration numbers across the state. 245,1
A major tech company unveiled its latest smartphone featuring an advanced AI chip. 755,1
A major tech company unveiled its latest smartphone featuring an advanced AI chip. 193,1
The local government passed a new bill to improve public transportation infrastructure. 226,1
A major tech company unveiled its latest smartphone featuring an advanced AI chip. 489,1
The earth is actually flat and NASA has been hiding the truth with CGI. 786,0
A major tech company unveiled its latest smartphone featuring an advanced AI chip. 89,1
The upcoming election is seeing record voter registration numbers across the state. 717,1
Aliens have landed in Central Park and are distributing free Wi-Fi routers. 901,0
Aliens have landed in Central Park and are distributing free Wi-Fi routers. 77,0
A local man claims he built a time machine out of a microwave and a toaster. 975,0
Eating five pounds of chocolate a day is scientifically proven to reverse aging completely. 386,0
Eating five pounds of chocolate a day is scientifically proven to reverse aging completely. 994,0
The stock market saw a significant increase today following the Federal Reserve's announcement. 530,1
The earth is actually flat and NASA has been hiding the truth with CGI. 33,0
The stock market saw a significant increase today following the Federal Reserve's announcement. 182,1
"Drinking bleach cures all known viruses, says anonymous online doctor. 407",0
The stock market saw a significant increase today following the Federal Reserve's announcement. 656,1
Scientists have discovered a new exoplanet that could potentially support water. 119,1
Aliens have landed in Central Park and are distributing free Wi-Fi routers. 630,0
A local man claims he built a time machine out of a microwave and a toaster. 830,0
Aliens have landed in Central Park and are distributing free Wi-Fi routers. 11,0
Scientists have discovered a new exoplanet that could potentially support water. 750,1
"Drinking bleach cures all known viruses, says anonymous online doctor. 748",0
The upcoming election is seeing record voter registration numbers across the state. 337,1
A local man claims he built a time machine out of a microwave and a toaster. 194,0
The earth is actually flat and NASA has been hiding the truth with CGI. 582,0
The stock market saw a significant increase today following the Federal Reserve's announcement. 372,1
"Drinking bleach cures all known viruses, says anonymous online doctor. 631",0
Aliens have landed in Central Park and are distributing free Wi-Fi routers. 101,0
The upcoming election is seeing record voter registration numbers across the state. 22,1
Eating five pounds of chocolate a day is scientifically proven to reverse aging completely. 980,0
The local government passed a new bill to improve public transportation infrastructure. 238,1
"Drinking bleach cures all known viruses, says anonymous online doctor. 969",0
The stock market saw a significant increase today following the Federal Reserve's announcement. 415,1
"Drinking bleach cures all known viruses, says anonymous online doctor. 849",0
Eating five pounds of chocolate a day is scientifically proven to reverse aging completely. 546,0
The upcoming election is seeing record voter registration numbers across the state. 327,1
"Drinking bleach cures all known viruses, says anonymous online doctor. 590",0
Scientists have discovered a new exoplanet that could potentially support water. 600,1
Aliens have landed in Central Park and are distributing free Wi-Fi routers. 76,0
A major tech company unveiled its latest smartphone featuring an advanced AI chip. 79,1
Scientists have discovered a new exoplanet that could potentially support water. 942,1
Scientists have discovered a new exoplanet that could potentially support water. 798,1
The earth is actually flat and NASA has been hiding the truth with CGI. 395,0
The local government passed a new bill to improve public transportation infrastructure. 265,1
A major tech company unveiled its latest smartphone featuring an advanced AI chip. 176,1
A major tech company unveiled its latest smartphone featuring an advanced AI chip. 444,1
The upcoming election is seeing record voter registration numbers across the state. 148,1
"Drinking bleach cures all known viruses, says anonymous online doctor. 504",0
"Drinking bleach cures all known viruses, says anonymous online doctor. 148",0
Scientists have discovered a new exoplanet that could potentially support water. 150,1
The upcoming election is seeing record voter registration numbers across the state. 100,1
The stock market saw a significant increase today following the Federal Reserve's announcement. 240,1
The local government passed a new bill to improve public transportation infrastructure. 674,1
The upcoming election is seeing record voter registration numbers across the state. 494,1
Scientists have discovered a new exoplanet that could potentially support water. 142,1
The local government passed a new bill to improve public transportation infrastructure. 562,1
Eating five pounds of chocolate a day is scientifically proven to reverse aging completely. 95,0
"Drinking bleach cures all known viruses, says anonymous online doctor. 983",0
"Drinking bleach cures all known viruses, says anonymous online doctor. 863",0
A major tech company unveiled its latest smartphone featuring an advanced AI chip. 273,1
A major tech company unveiled its latest smartphone featuring an advanced AI chip. 60,1
"Drinking bleach cures all known viruses, says anonymous online doctor. 801",0
Eating five pounds of chocolate a day is scientifically proven to reverse aging completely. 794,0
A local man claims he built a time machine out of a microwave and a toaster. 113,0
The stock market saw a significant increase today following the Federal Reserve's announcement. 124,1
Eating five pounds of chocolate a day is scientifically proven to reverse aging completely. 378,0
The stock market saw a significant increase today following the Federal Reserve's announcement. 762,1
The local government passed a new bill to improve public transportation infrastructure. 795,1
Scientists have discovered a new exoplanet that could potentially support water. 776,1
The local government passed a new bill to improve public transportation infrastructure. 156,1
The earth is actually flat and NASA has been hiding the truth with CGI. 67,0
The earth is actually flat and NASA has been hiding the truth with CGI. 281,0
The stock market saw a significant increase today following the Federal Reserve's announcement. 159,1
Eating five pounds of chocolate a day is scientifically proven to reverse aging completely. 778,0
Scientists have discovered a new exoplanet that could potentially support water. 345,1
The stock market saw a significant increase today following the Federal Reserve's announcement. 362,1
A major tech company unveiled its latest smartphone featuring an advanced AI chip. 169,1
Aliens have landed in Central Park and are distributing free Wi-Fi routers. 512,0
The stock market saw a significant increase today following the Federal Reserve's announcement. 734,1
The earth is actually flat and NASA has been hiding the truth with CGI. 923,0
The upcoming election is seeing record voter registration numbers across the state. 346,1
Scientists have discovered a new exoplanet that could potentially support water. 538,1
The earth is actually flat and NASA has been hiding the truth with CGI. 808,0
Scientists have discovered a new exoplanet that could potentially support water. 379,1
The earth is actually flat and NASA has been hiding the truth with CGI. 103,0
A local man claims he built a time machine out of a microwave and a toaster. 734,0
A local man claims he built a time machine out of a microwave and a toaster. 796,0
The upcoming election is seeing record voter registration numbers across the state. 3,1
The stock market saw a significant increase today following the Federal Reserve's announcement. 633,1
Scientists have discovered a new exoplanet that could potentially support water. 675,1
A local man claims he built a time machine out of a microwave and a toaster. 514,0
The upcoming election is seeing record voter registration numbers across the state. 984,1
The upcoming election is seeing record voter registration numbers across the state. 64,1
The local government passed a new bill to improve public transportation infrastructure. 779,1
Aliens have landed in Central Park and are distributing free Wi-Fi routers. 996,0
Eating five pounds of chocolate a day is scientifically proven to reverse aging completely. 756,0
Eating five pounds of chocolate a day is scientifically proven to reverse aging completely. 918,0
Eating five pounds of chocolate a day is scientifically proven to reverse aging completely. 318,0
The upcoming election is seeing record voter registration numbers across the state. 524,1
The local government passed a new bill to improve public transportation infrastructure. 248,1
A major tech company unveiled its latest smartphone featuring an advanced AI chip. 320,1
Aliens have landed in Central Park and are distributing free Wi-Fi routers. 937,0
A major tech company unveiled its latest smartphone featuring an advanced AI chip. 11,1
The local government passed a new bill to improve public transportation infrastructure. 241,1
The stock market saw a significant increase today following the Federal Reserve's announcement. 813,1
Eating five pounds of chocolate a day is scientifically proven to reverse aging completely. 992,0
The stock market saw a significant increase today following the Federal Reserve's announcement. 261,1
The local government passed a new bill to improve public transportation infrastructure. 287,1
The local government passed a new bill to improve public transportation infrastructure. 881,1
The earth is actually flat and NASA has been hiding the truth with CGI. 157,0
"Drinking bleach cures all known viruses, says anonymous online doctor. 437",0
The upcoming election is seeing record voter registration numbers across the state. 354,1
Eating five pounds of chocolate a day is scientifically proven to reverse aging completely. 141,0
"Drinking bleach cures all known viruses, says anonymous online doctor. 828",0
A local man claims he built a time machine out of a microwave and a toaster. 616,0
"Drinking bleach cures all known viruses, says anonymous online doctor. 647",0
Aliens have landed in Central Park and are distributing free Wi-Fi routers. 637,0
Eating five pounds of chocolate a day is scientifically proven to reverse aging completely. 335,0
A local man claims he built a time machine out of a microwave and a toaster. 781,0
A major tech company unveiled its latest smartphone featuring an advanced AI chip. 5,1
A major tech company unveiled its latest smartphone featuring an advanced AI chip. 893,1
A major tech company unveiled its latest smartphone featuring an advanced AI chip. 553,1
The local government passed a new bill to improve public transportation infrastructure. 22,1
The earth is actually flat and NASA has been hiding the truth with CGI. 145,0
The local government passed a new bill to improve public transportation infrastructure. 627,1
The upcoming election is seeing record voter registration numbers across the state. 686,1
A major tech company unveiled its latest smartphone featuring an advanced AI chip. 504,1
The local government passed a new bill to improve public transportation infrastructure. 361,1
The earth is actually flat and NASA has been hiding the truth with CGI. 584,0
A local man claims he built a time machine out of a microwave and a toaster. 172,0
Eating five pounds of chocolate a day is scientifically proven to reverse aging completely. 678,0
The local government passed a new bill to improve public transportation infrastructure. 673,1
The stock market saw a significant increase today following the Federal Reserve's announcement. 798,1
Eating five pounds of chocolate a day is scientifically proven to reverse aging completely. 368,0
A major tech company unveiled its latest smartphone featuring an advanced AI chip. 836,1
The earth is actually flat and NASA has been hiding the truth with CGI. 716,0
Scientists have discovered a new exoplanet that could potentially support water. 646,1
A local man claims he built a time machine out of a microwave and a toaster. 4,0
"Drinking bleach cures all known viruses, says anonymous online doctor. 5",0
The stock market saw a significant increase today following the Federal Reserve's announcement. 341,1
Scientists have discovered a new exoplanet that could potentially support water. 333,1
Eating five pounds of chocolate a day is scientifically proven to reverse aging completely. 411,0
A local man claims he built a time machine out of a microwave and a toaster. 275,0
A local man claims he built a time machine out of a microwave and a toaster. 414,0
A local man claims he built a time machine out of a microwave and a toaster. 89,0
The local government passed a new bill to improve public transportation infrastructure. 654,1
The upcoming election is seeing record voter registration numbers across the state. 688,1
The local government passed a new bill to improve public transportation infrastructure. 119,1
The stock market saw a significant increase today following the Federal Reserve's announcement. 42,1
The upcoming election is seeing record voter registration numbers across the state. 202,1
The stock market saw a significant increase today following the Federal Reserve's announcement. 978,1
A local man claims he built a time machine out of a microwave and a toaster. 950,0
The earth is actually flat and NASA has been hiding the truth with CGI. 674,0
The stock market saw a significant increase today following the Federal Reserve's announcement. 754,1
"Drinking bleach cures all known viruses, says anonymous online doctor. 399",0
Scientists have discovered a new exoplanet that could potentially support water. 29,1
The upcoming election is seeing record voter registration numbers across the state. 620,1
Aliens have landed in Central Park and are distributing free Wi-Fi routers. 856,0
The upcoming election is seeing record voter registration numbers across the state. 301,1
Scientists have discovered a new exoplanet that could potentially support water. 52,1
Scientists have discovered a new exoplanet that could potentially support water. 280,1
The stock market saw a significant increase today following the Federal Reserve's announcement. 238,1
The upcoming election is seeing record voter registration numbers across the state. 862,1
Scientists have discovered a new exoplanet that could potentially support water. 396,1
The upcoming election is seeing record voter registration numbers across the state. 180,1
A major tech company unveiled its latest smartphone featuring an advanced AI chip. 319,1
Aliens have landed in Central Park and are distributing free Wi-Fi routers. 901,0
The stock market saw a significant increase today following the Federal Reserve's announcement. 289,1
The stock market saw a significant increase today following the Federal Reserve's announcement. 519,1
The upcoming election is seeing record voter registration numbers across the state. 253,1
A major tech company unveiled its latest smartphone featuring an advanced AI chip. 12,1
The earth is actually flat and NASA has been hiding the truth with CGI. 888,0
A major tech company unveiled its latest smartphone featuring an advanced AI chip. 954,1
A major tech company unveiled its latest smartphone featuring an advanced AI chip. 793,1
A local man claims he built a time machine out of a microwave and a toaster. 554,0
The upcoming election is seeing record voter registration numbers across the state. 115,1
Aliens have landed in Central Park and are distributing free Wi-Fi routers. 563,0
The stock market saw a significant increase today following the Federal Reserve's announcement. 248,1
A major tech company unveiled its latest smartphone featuring an advanced AI chip. 858,1
Scientists have discovered a new exoplanet that could potentially support water. 342,1
Aliens have landed in Central Park and are distributing free Wi-Fi routers. 876,0
A major tech company unveiled its latest smartphone featuring an advanced AI chip. 540,1
A major tech company unveiled its latest smartphone featuring an advanced AI chip. 355,1
Aliens have landed in Central Park and are distributing free Wi-Fi routers. 162,0
The earth is actually flat and NASA has been hiding the truth with CGI. 223,0
A major tech company unveiled its latest smartphone featuring an advanced AI chip. 326,1
The stock market saw a significant increase today following the Federal Reserve's announcement. 193,1
A local man claims he built a time machine out of a microwave and a toaster. 949,0
The upcoming election is seeing record voter registration numbers across the state. 955,1
The stock market saw a significant increase today following the Federal Reserve's announcement. 824,1
The earth is actually flat and NASA has been hiding the truth with CGI. 776,0
Aliens have landed in Central Park and are distributing free Wi-Fi routers. 435,0
The local government passed a new bill to improve public transportation infrastructure. 495,1
Aliens have landed in Central Park and are distributing free Wi-Fi routers. 503,0
"Drinking bleach cures all known viruses, says anonymous online doctor. 958",0
The stock market saw a significant increase today following the Federal Reserve's announcement. 506,1
Scientists have discovered a new exoplanet that could potentially support water. 296,1
Eating five pounds of chocolate a day is scientifically proven to reverse aging completely. 67,0
A major tech company unveiled its latest smartphone featuring an advanced AI chip. 272,1
The earth is actually flat and NASA has been hiding the truth with CGI. 405,0
Scientists have discovered a new exoplanet that could potentially support water. 921,1
The stock market saw a significant increase today following the Federal Reserve's announcement. 213,1
The local government passed a new bill to improve public transportation infrastructure. 767,1
A local man claims he built a time machine out of a microwave and a toaster. 220,0
A local man claims he built a time machine out of a microwave and a toaster. 698,0
The upcoming election is seeing record voter registration numbers across the state. 223,1
The local government passed a new bill to improve public transportation infrastructure. 674,1
"Drinking bleach cures all known viruses, says anonymous online doctor. 797",0
Eating five pounds of chocolate a day is scientifically proven to reverse aging completely. 365,0
The earth is actually flat and NASA has been hiding the truth with CGI. 177,0
"Drinking bleach cures all known viruses, says anonymous online doctor. 510",0
Eating five pounds of chocolate a day is scientifically proven to reverse aging completely. 714,0
A major tech company unveiled its latest smartphone featuring an advanced AI chip. 449,1
Scientists have discovered a new exoplanet that could potentially support water. 124,1
A local man claims he built a time machine out of a microwave and a toaster. 270,0
Eating five pounds of chocolate a day is scientifically proven to reverse aging completely. 464,0
Aliens have landed in Central Park and are distributing free Wi-Fi routers. 407,0
Eating five pounds of chocolate a day is scientifically proven to reverse aging completely. 137,0
The upcoming election is seeing record voter registration numbers across the state. 411,1
A local man claims he built a time machine out of a microwave and a toaster. 362,0
Aliens have landed in Central Park and are distributing free Wi-Fi routers. 990,0
A local man claims he built a time machine out of a microwave and a toaster. 45,0
A local man claims he built a time machine out of a microwave and a toaster. 5,0
The earth is actually flat and NASA has been hiding the truth with CGI. 366,0
The local government passed a new bill to improve public transportation infrastructure. 11,1
A major tech company unveiled its latest smartphone featuring an advanced AI chip. 783,1
Aliens have landed in Central Park and are distributing free Wi-Fi routers. 263,0
A major tech company unveiled its latest smartphone featuring an advanced AI chip. 587,1
The earth is actually flat and NASA has been hiding the truth with CGI. 610,0
A major tech company unveiled its latest smartphone featuring an advanced AI chip. 881,1
The local government passed a new bill to improve public transportation infrastructure. 725,1
A major tech company unveiled its latest smartphone featuring an advanced AI chip. 773,1
Scientists have discovered a new exoplanet that could potentially support water. 531,1
The earth is actually flat and NASA has been hiding the truth with CGI. 158,0
The local government passed a new bill to improve public transportation infrastructure. 75,1
The stock market saw a significant increase today following the Federal Reserve's announcement. 852,1
The stock market saw a significant increase today following the Federal Reserve's announcement. 908,1
The upcoming election is seeing record voter registration numbers across the state. 277,1
Scientists have discovered a new exoplanet that could potentially support water. 889,1
A major tech company unveiled its latest smartphone featuring an advanced AI chip. 908,1
The local government passed a new bill to improve public transportation infrastructure. 197,1
The local government passed a new bill to improve public transportation infrastructure. 146,1
A major tech company unveiled its latest smartphone featuring an advanced AI chip. 187,1
Eating five pounds of chocolate a day is scientifically proven to reverse aging completely. 160,0
Aliens have landed in Central Park and are distributing free Wi-Fi routers. 434,0
A major tech company unveiled its latest smartphone featuring an advanced AI chip. 741,1
A local man claims he built a time machine out of a microwave and a toaster. 436,0
Aliens have landed in Central Park and are distributing free Wi-Fi routers. 641,0
The earth is actually flat and NASA has been hiding the truth with CGI. 864,0
Aliens have landed in Central Park and are distributing free Wi-Fi routers. 744,0
A local man claims he built a time machine out of a microwave and a toaster. 610,0
The earth is actually flat and NASA has been hiding the truth with CGI. 216,0
Scientists have discovered a new exoplanet that could potentially support water. 45,1
Aliens have landed in Central Park and are distributing free Wi-Fi routers. 694,0
The earth is actually flat and NASA has been hiding the truth with CGI. 128,0
Aliens have landed in Central Park and are distributing free Wi-Fi routers. 138,0
The earth is actually flat and NASA has been hiding the truth with CGI. 194,0
A major tech company unveiled its latest smartphone featuring an advanced AI chip. 182,1
A major tech company unveiled its latest smartphone featuring an advanced AI chip. 466,1
A major tech company unveiled its latest smartphone featuring an advanced AI chip. 782,1
"Drinking bleach cures all known viruses, says anonymous online doctor. 587",0
Aliens have landed in Central Park and are distributing free Wi-Fi routers. 876,0
"Drinking bleach cures all known viruses, says anonymous online doctor. 753",0
The stock market saw a significant increase today following the Federal Reserve's announcement. 295,1
The local government passed a new bill to improve public transportation infrastructure. 615,1
The upcoming election is seeing record voter registration numbers across the state. 876,1
A major tech company unveiled its latest smartphone featuring an advanced AI chip. 70,1
The earth is actually flat and NASA has been hiding the truth with CGI. 821,0
Eating five pounds of chocolate a day is scientifically proven to reverse aging completely. 4,0
The stock market saw a significant increase today following the Federal Reserve's announcement. 719,1
The upcoming election is seeing record voter registration numbers across the state. 723,1
The upcoming election is seeing record voter registration numbers across the state. 477,1
The local government passed a new bill to improve public transportation infrastructure. 393,1
Aliens have landed in Central Park and are distributing free Wi-Fi routers. 533,0
The local government passed a new bill to improve public transportation infrastructure. 149,1
The upcoming election is seeing record voter registration numbers across the state. 153,1
The local government passed a new bill to improve public transportation infrastructure. 523,1
Aliens have landed in Central Park and are distributing free Wi-Fi routers. 656,0
The upcoming election is seeing record voter registration numbers across the state. 991,1
Scientists have discovered a new exoplanet that could potentially support water. 406,1
The earth is actually flat and NASA has been hiding the truth with CGI. 474,0
Eating five pounds of chocolate a day is scientifically proven to reverse aging completely. 832,0
The earth is actually flat and NASA has been hiding the truth with CGI. 923,0
Aliens have landed in Central Park and are distributing free Wi-Fi routers. 643,0
The earth is actually flat and NASA has been hiding the truth with CGI. 213,0
Eating five pounds of chocolate a day is scientifically proven to reverse aging completely. 584,0
The upcoming election is seeing record voter registration numbers across the state. 549,1
Scientists have discovered a new exoplanet that could potentially support water. 402,1
Scientists have discovered a new exoplanet that could potentially support water. 972,1
The earth is actually flat and NASA has been hiding the truth with CGI. 876,0
A major tech company unveiled its latest smartphone featuring an advanced AI chip. 299,1
The local government passed a new bill to improve public transportation infrastructure. 706,1
The upcoming election is seeing record voter registration numbers across the state. 515,1
The local government passed a new bill to improve public transportation infrastructure. 894,1
The local government passed a new bill to improve public transportation infrastructure. 486,1
Eating five pounds of chocolate a day is scientifically proven to reverse aging completely. 325,0
A local man claims he built a time machine out of a microwave and a toaster. 909,0
Eating five pounds of chocolate a day is scientifically proven to reverse aging completely. 791,0
The stock market saw a significant increase today following the Federal Reserve's announcement. 417,1
Scientists have discovered a new exoplanet that could potentially support water. 463,1
A major tech company unveiled its latest smartphone featuring an advanced AI chip. 634,1
The upcoming election is seeing record voter registration numbers across the state. 4,1
Scientists have discovered a new exoplanet that could potentially support water. 700,1
Aliens have landed in Central Park and are distributing free Wi-Fi routers. 820,0
A local man claims he built a time machine out of a microwave and a toaster. 587,0
Aliens have landed in Central Park and are distributing free Wi-Fi routers. 183,0
The local government passed a new bill to improve public transportation infrastructure. 39,1
The stock market saw a significant increase today following the Federal Reserve's announcement. 775,1
Eating five pounds of chocolate a day is scientifically proven to reverse aging completely. 889,0
The earth is actually flat and NASA has been hiding the truth with CGI. 830,0
Aliens have landed in Central Park and are distributing free Wi-Fi routers. 2,0
"Drinking bleach cures all known viruses, says anonymous online doctor. 346",0
A major tech company unveiled its latest smartphone featuring an advanced AI chip. 883,1
Eating five pounds of chocolate a day is scientifically proven to reverse aging completely. 927,0
Eating five pounds of chocolate a day is scientifically proven to reverse aging completely. 494,0
The local government passed a new bill to improve public transportation infrastructure. 50,1
The earth is actually flat and NASA has been hiding the truth with CGI. 619,0
The stock market saw a significant increase today following the Federal Reserve's announcement. 736,1
The stock market saw a significant increase today following the Federal Reserve's announcement. 299,1
The upcoming election is seeing record voter registration numbers across the state. 484,1
The earth is actually flat and NASA has been hiding the truth with CGI. 4,0
The local government passed a new bill to improve public transportation infrastructure. 581,1
The upcoming election is seeing record voter registration numbers across the state. 619,1
The earth is actually flat and NASA has been hiding the truth with CGI. 702,0
The local government passed a new bill to improve public transportation infrastructure. 477,1
Scientists have discovered a new exoplanet that could potentially support water. 722,1
Eating five pounds of chocolate a day is scientifically proven to reverse aging completely. 639,0
Eating five pounds of chocolate a day is scientifically proven to reverse aging completely. 349,0
The stock market saw a significant increase today following the Federal Reserve's announcement. 738,1
Scientists have discovered a new exoplanet that could potentially support water. 631,1
Eating five pounds of chocolate a day is scientifically proven to reverse aging completely. 71,0
The earth is actually flat and NASA has been hiding the truth with CGI. 359,0
A major tech company unveiled its latest smartphone featuring an advanced AI chip. 310,1
Aliens have landed in Central Park and are distributing free Wi-Fi routers. 380,0
A major tech company unveiled its latest smartphone featuring an advanced AI chip. 747,1
The earth is actually flat and NASA has been hiding the truth with CGI. 643,0
A major tech company unveiled its latest smartphone featuring an advanced AI chip. 649,1
A local man claims he built a time machine out of a microwave and a toaster. 662,0
The upcoming election is seeing record voter registration numbers across the state. 276,1
"Drinking bleach cures all known viruses, says anonymous online doctor. 176",0
The upcoming election is seeing record voter registration numbers across the state. 866,1
A major tech company unveiled its latest smartphone featuring an advanced AI chip. 191,1
The stock market saw a significant increase today following the Federal Reserve's announcement. 207,1
Aliens have landed in Central Park and are distributing free Wi-Fi routers. 632,0
Scientists have discovered a new exoplanet that could potentially support water. 767,1
A major tech company unveiled its latest smartphone featuring an advanced AI chip. 975,1
Scientists have discovered a new exoplanet that could potentially support water. 808,1
Scientists have discovered a new exoplanet that could potentially support water. 643,1
The local government passed a new bill to improve public transportation infrastructure. 831,1
The local government passed a new bill to improve public transportation infrastructure. 278,1
The earth is actually flat and NASA has been hiding the truth with CGI. 546,0
A local man claims he built a time machine out of a microwave and a toaster. 766,0
Aliens have landed in Central Park and are distributing free Wi-Fi routers. 233,0
Eating five pounds of chocolate a day is scientifically proven to reverse aging completely. 631,0
Scientists have discovered a new exoplanet that could potentially support water. 249,1
Scientists have discovered a new exoplanet that could potentially support water. 460,1
A major tech company unveiled its latest smartphone featuring an advanced AI chip. 306,1
The earth is actually flat and NASA has been hiding the truth with CGI. 482,0
The local government passed a new bill to improve public transportation infrastructure. 279,1
The earth is actually flat and NASA has been hiding the truth with CGI. 728,0
A local man claims he built a time machine out of a microwave and a toaster. 316,0
The upcoming election is seeing record voter registration numbers across the state. 205,1
A major tech company unveiled its latest smartphone featuring an advanced AI chip. 242,1
Scientists have discovered a new exoplanet that could potentially support water. 640,1
The upcoming election is seeing record voter registration numbers across the state. 413,1
The stock market saw a significant increase today following the Federal Reserve's announcement. 649,1
"Drinking bleach cures all known viruses, says anonymous online doctor. 305",0
"Drinking bleach cures all known viruses, says anonymous online doctor. 426",0
Eating five pounds of chocolate a day is scientifically proven to reverse aging completely. 453,0
A major tech company unveiled its latest smartphone featuring an advanced AI chip. 473,1
A major tech company unveiled its latest smartphone featuring an advanced AI chip. 535,1
Aliens have landed in Central Park and are distributing free Wi-Fi routers. 513,0
The upcoming election is seeing record voter registration numbers across the state. 638,1
Scientists have discovered a new exoplanet that could potentially support water. 917,1
Eating five pounds of chocolate a day is scientifically proven to reverse aging completely. 5,0
The upcoming election is seeing record voter registration numbers across the state. 79,1
The upcoming election is seeing record voter registration numbers across the state. 567,1
Eating five pounds of chocolate a day is scientifically proven to reverse aging completely. 291,0
The stock market saw a significant increase today following the Federal Reserve's announcement. 707,1
A major tech company unveiled its latest smartphone featuring an advanced AI chip. 476,1
A local man claims he built a time machine out of a microwave and a toaster. 786,0
The local government passed a new bill to improve public transportation infrastructure. 154,1
The stock market saw a significant increase today following the Federal Reserve's announcement. 408,1
The upcoming election is seeing record voter registration numbers across the state. 703,1
Aliens have landed in Central Park and are distributing free Wi-Fi routers. 982,0
The stock market saw a significant increase today following the Federal Reserve's announcement. 845,1
The upcoming election is seeing record voter registration numbers across the state. 706,1
"Drinking bleach cures all known viruses, says anonymous online doctor. 544",0
Aliens have landed in Central Park and are distributing free Wi-Fi routers. 850,0
The earth is actually flat and NASA has been hiding the truth with CGI. 463,0
The local government passed a new bill to improve public transportation infrastructure. 789,1
A local man claims he built a time machine out of a microwave and a toaster. 65,0
Aliens have landed in Central Park and are distributing free Wi-Fi routers. 16,0
A major tech company unveiled its latest smartphone featuring an advanced AI chip. 664,1
The stock market saw a significant increase today following the Federal Reserve's announcement. 307,1
The stock market saw a significant increase today following the Federal Reserve's announcement. 174,1
The earth is actually flat and NASA has been hiding the truth with CGI. 762,0
A local man claims he built a time machine out of a microwave and a toaster. 354,0
"Drinking bleach cures all known viruses, says anonymous online doctor. 998",0
The earth is actually flat and NASA has been hiding the truth with CGI. 641,0
The upcoming election is seeing record voter registration numbers across the state. 554,1
The local government passed a new bill to improve public transportation infrastructure. 852,1
A local man claims he built a time machine out of a microwave and a toaster. 182,0
"Drinking bleach cures all known viruses, says anonymous online doctor. 42",0
The earth is actually flat and NASA has been hiding the truth with CGI. 594,0
The local government passed a new bill to improve public transportation infrastructure. 580,1
The local government passed a new bill to improve public transportation infrastructure. 849,1
The local government passed a new bill to improve public transportation infrastructure. 895,1
The stock market saw a significant increase today following the Federal Reserve's announcement. 105,1
A local man claims he built a time machine out of a microwave and a toaster. 871,0
"Drinking bleach cures all known viruses, says anonymous online doctor. 615",0
The stock market saw a significant increase today following the Federal Reserve's announcement. 937,1
The stock market saw a significant increase today following the Federal Reserve's announcement. 952,1
Eating five pounds of chocolate a day is scientifically proven to reverse aging completely. 840,0
Eating five pounds of chocolate a day is scientifically proven to reverse aging completely. 611,0
The stock market saw a significant increase today following the Federal Reserve's announcement. 478,1
Scientists have discovered a new exoplanet that could potentially support water. 416,1
"Drinking bleach cures all known viruses, says anonymous online doctor. 451",0
A local man claims he built a time machine out of a microwave and a toaster. 535,0
The earth is actually flat and NASA has been hiding the truth with CGI. 947,0
Aliens have landed in Central Park and are distributing free Wi-Fi routers. 842,0
"Drinking bleach cures all known viruses, says anonymous online doctor. 74",0
A local man claims he built a time machine out of a microwave and a toaster. 893,0
"Drinking bleach cures all known viruses, says anonymous online doctor. 630",0
The stock market saw a significant increase today following the Federal Reserve's announcement. 660,1
"Drinking bleach cures all known viruses, says anonymous online doctor. 275",0
The local government passed a new bill to improve public transportation infrastructure. 139,1
Eating five pounds of chocolate a day is scientifically proven to reverse aging completely. 225,0
Scientists have discovered a new exoplanet that could potentially support water. 513,1
Scientists have discovered a new exoplanet that could potentially support water. 643,1
Eating five pounds of chocolate a day is scientifically proven to reverse aging completely. 66,0
A major tech company unveiled its latest smartphone featuring an advanced AI chip. 757,1
Eating five pounds of chocolate a day is scientifically proven to reverse aging completely. 752,0
Aliens have landed in Central Park and are distributing free Wi-Fi routers. 4,0
Aliens have landed in Central Park and are distributing free Wi-Fi routers. 78,0
A local man claims he built a time machine out of a microwave and a toaster. 618,0
The stock market saw a significant increase today following the Federal Reserve's announcement. 406,1
A major tech company unveiled its latest smartphone featuring an advanced AI chip. 647,1
The earth is actually flat and NASA has been hiding the truth with CGI. 56,0
A local man claims he built a time machine out of a microwave and a toaster. 226,0
The stock market saw a significant increase today following the Federal Reserve's announcement. 614,1
Scientists have discovered a new exoplanet that could potentially support water. 592,1
"Drinking bleach cures all known viruses, says anonymous online doctor. 47",0
The local government passed a new bill to improve public transportation infrastructure. 117,1
Eating five pounds of chocolate a day is scientifically proven to reverse aging completely. 157,0
The upcoming election is seeing record voter registration numbers across the state. 588,1
The upcoming election is seeing record voter registration numbers across the state. 588,1
The local government passed a new bill to improve public transportation infrastructure. 939,1
Aliens have landed in Central Park and are distributing free Wi-Fi routers. 429,0
The upcoming election is seeing record voter registration numbers across the state. 39,1
The upcoming election is seeing record voter registration numbers across the state. 681,1
A local man claims he built a time machine out of a microwave and a toaster. 503,0
Aliens have landed in Central Park and are distributing free Wi-Fi routers. 691,0
"Drinking bleach cures all known viruses, says anonymous online doctor. 825",0
Eating five pounds of chocolate a day is scientifically proven to reverse aging completely. 444,0
The upcoming election is seeing record voter registration numbers across the state. 776,1
"Drinking bleach cures all known viruses, says anonymous online doctor. 692",0
"Drinking bleach cures all known viruses, says anonymous online doctor. 413",0
The earth is actually flat and NASA has been hiding the truth with CGI. 97,0
"Drinking bleach cures all known viruses, says anonymous online doctor. 613",0
Aliens have landed in Central Park and are distributing free Wi-Fi routers. 93,0
"Drinking bleach cures all known viruses, says anonymous online doctor. 800",0
The earth is actually flat and NASA has been hiding the truth with CGI. 379,0
The local government passed a new bill to improve public transportation infrastructure. 951,1
The earth is actually flat and NASA has been hiding the truth with CGI. 527,0
The local government passed a new bill to improve public transportation infrastructure. 932,1
Eating five pounds of chocolate a day is scientifically proven to reverse aging completely. 841,0
The earth is actually flat and NASA has been hiding the truth with CGI. 910,0
Aliens have landed in Central Park and are distributing free Wi-Fi routers. 864,0
Scientists have discovered a new exoplanet that could potentially support water. 894,1
Scientists have discovered a new exoplanet that could potentially support water. 579,1
The earth is actually flat and NASA has been hiding the truth with CGI. 647,0
A major tech company unveiled its latest smartphone featuring an advanced AI chip. 540,1
Scientists have discovered a new exoplanet that could potentially support water. 266,1
The upcoming election is seeing record voter registration numbers across the state. 785,1
Aliens have landed in Central Park and are distributing free Wi-Fi routers. 839,0
Eating five pounds of chocolate a day is scientifically proven to reverse aging completely. 692,0
Aliens have landed in Central Park and are distributing free Wi-Fi routers. 148,0
A local man claims he built a time machine out of a microwave and a toaster. 495,0
The upcoming election is seeing record voter registration numbers across the state. 70,1
A major tech company unveiled its latest smartphone featuring an advanced AI chip. 136,1
Scientists have discovered a new exoplanet that could potentially support water. 743,1
A major tech company unveiled its latest smartphone featuring an advanced AI chip. 44,1
Aliens have landed in Central Park and are distributing free Wi-Fi routers. 197,0
The local government passed a new bill to improve public transportation infrastructure. 973,1
The earth is actually flat and NASA has been hiding the truth with CGI. 89,0
The earth is actually flat and NASA has been hiding the truth with CGI. 132,0
A local man claims he built a time machine out of a microwave and a toaster. 886,0
A major tech company unveiled its latest smartphone featuring an advanced AI chip. 996,1
A local man claims he built a time machine out of a microwave and a toaster. 453,0
Scientists have discovered a new exoplanet that could potentially support water. 37,1
The local government passed a new bill to improve public transportation infrastructure. 635,1
Eating five pounds of chocolate a day is scientifically proven to reverse aging completely. 519,0
A major tech company unveiled its latest smartphone featuring an advanced AI chip. 880,1
A major tech company unveiled its latest smartphone featuring an advanced AI chip. 685,1
Eating five pounds of chocolate a day is scientifically proven to reverse aging completely. 343,0
Eating five pounds of chocolate a day is scientifically proven to reverse aging completely. 18,0
The earth is actually flat and NASA has been hiding the truth with CGI. 603,0
A local man claims he built a time machine out of a microwave and a toaster. 865,0
Eating five pounds of chocolate a day is scientifically proven to reverse aging completely. 545,0
The local government passed a new bill to improve public transportation infrastructure. 180,1
Aliens have landed in Central Park and are distributing free Wi-Fi routers. 708,0
The local government passed a new bill to improve public transportation infrastructure. 98,1
The upcoming election is seeing record voter registration numbers across the state. 579,1
The stock market saw a significant increase today following the Federal Reserve's announcement. 71,1
The earth is actually flat and NASA has been hiding the truth with CGI. 291,0
Aliens have landed in Central Park and are distributing free Wi-Fi routers. 472,0
"Drinking bleach cures all known viruses, says anonymous online doctor. 8",0
Aliens have landed in Central Park and are distributing free Wi-Fi routers. 186,0
Eating five pounds of chocolate a day is scientifically proven to reverse aging completely. 546,0
A major tech company unveiled its latest smartphone featuring an advanced AI chip. 837,1
The local government passed a new bill to improve public transportation infrastructure. 578,1
Scientists have discovered a new exoplanet that could potentially support water. 192,1
Aliens have landed in Central Park and are distributing free Wi-Fi routers. 909,0
Eating five pounds of chocolate a day is scientifically proven to reverse aging completely. 115,0
"Drinking bleach cures all known viruses, says anonymous online doctor. 953",0
"Drinking bleach cures all known viruses, says anonymous online doctor. 71",0
A major tech company unveiled its latest smartphone featuring an advanced AI chip. 632,1
A major tech company unveiled its latest smartphone featuring an advanced AI chip. 934,1
The stock market saw a significant increase today following the Federal Reserve's announcement. 679,1
Scientists have discovered a new exoplanet that could potentially support water. 845,1
A major tech company unveiled its latest smartphone featuring an advanced AI chip. 545,1
The earth is actually flat and NASA has been hiding the truth with CGI. 383,0
The earth is actually flat and NASA has been hiding the truth with CGI. 62,0
A major tech company unveiled its latest smartphone featuring an advanced AI chip. 281,1
The earth is actually flat and NASA has been hiding the truth with CGI. 839,0
The local government passed a new bill to improve public transportation infrastructure. 973,1
"Drinking bleach cures all known viruses, says anonymous online doctor. 316",0
The upcoming election is seeing record voter registration numbers across the state. 92,1
A major tech company unveiled its latest smartphone featuring an advanced AI chip. 344,1
The stock market saw a significant increase today following the Federal Reserve's announcement. 599,1
The local government passed a new bill to improve public transportation infrastructure. 393,1
A major tech company unveiled its latest smartphone featuring an advanced AI chip. 172,1
The local government passed a new bill to improve public transportation infrastructure. 881,1
A major tech company unveiled its latest smartphone featuring an advanced AI chip. 327,1
Scientists have discovered a new exoplanet that could potentially support water. 103,1
The stock market saw a significant increase today following the Federal Reserve's announcement. 871,1
A local man claims he built a time machine out of a microwave and a toaster. 729,0
Aliens have landed in Central Park and are distributing free Wi-Fi routers. 120,0
Eating five pounds of chocolate a day is scientifically proven to reverse aging completely. 440,0
Aliens have landed in Central Park and are distributing free Wi-Fi routers. 811,0
A local man claims he built a time machine out of a microwave and a toaster. 223,0
The upcoming election is seeing record voter registration numbers across the state. 125,1
A local man claims he built a time machine out of a microwave and a toaster. 364,0
The local government passed a new bill to improve public transportation infrastructure. 425,1
"Drinking bleach cures all known viruses, says anonymous online doctor. 770",0
Aliens have landed in Central Park and are distributing free Wi-Fi routers. 139,0
Aliens have landed in Central Park and are distributing free Wi-Fi routers. 356,0
The earth is actually flat and NASA has been hiding the truth with CGI. 153,0
The upcoming election is seeing record voter registration numbers across the state. 84,1
Eating five pounds of chocolate a day is scientifically proven to reverse aging completely. 953,0
Aliens have landed in Central Park and are distributing free Wi-Fi routers. 534,0
A local man claims he built a time machine out of a microwave and a toaster. 874,0
Eating five pounds of chocolate a day is scientifically proven to reverse aging completely. 559,0
"Drinking bleach cures all known viruses, says anonymous online doctor. 861",0
"Drinking bleach cures all known viruses, says anonymous online doctor. 853",0
"Drinking bleach cures all known viruses, says anonymous online doctor. 182",0
Aliens have landed in Central Park and are distributing free Wi-Fi routers. 830,0
Scientists have discovered a new exoplanet that could potentially support water. 595,1
A local man claims he built a time machine out of a microwave and a toaster. 590,0
"Drinking bleach cures all known viruses, says anonymous online doctor. 396",0
The local government passed a new bill to improve public transportation infrastructure. 544,1
"Drinking bleach cures all known viruses, says anonymous online doctor. 15",0
Scientists have discovered a new exoplanet that could potentially support water. 949,1
Scientists have discovered a new exoplanet that could potentially support water. 31,1
The local government passed a new bill to improve public transportation infrastructure. 507,1
Eating five pounds of chocolate a day is scientifically proven to reverse aging completely. 758,0
The local government passed a new bill to improve public transportation infrastructure. 504,1
"Drinking bleach cures all known viruses, says anonymous online doctor. 295",0
A local man claims he built a time machine out of a microwave and a toaster. 90,0
Eating five pounds of chocolate a day is scientifically proven to reverse aging completely. 953,0
A major tech company unveiled its latest smartphone featuring an advanced AI chip. 568,1
Eating five pounds of chocolate a day is scientifically proven to reverse aging completely. 327,0
A local man claims he built a time machine out of a microwave and a toaster. 567,0
A major tech company unveiled its latest smartphone featuring an advanced AI chip. 784,1
Aliens have landed in Central Park and are distributing free Wi-Fi routers. 957,0
Eating five pounds of chocolate a day is scientifically proven to reverse aging completely. 772,0
The local government passed a new bill to improve public transportation infrastructure. 267,1
The earth is actually flat and NASA has been hiding the truth with CGI. 840,0
The stock market saw a significant increase today following the Federal Reserve's announcement. 302,1
The earth is actually flat and NASA has been hiding the truth with CGI. 129,0
"Drinking bleach cures all known viruses, says anonymous online doctor. 28",0
A major tech company unveiled its latest smartphone featuring an advanced AI chip. 926,1
A major tech company unveiled its latest smartphone featuring an advanced AI chip. 626,1
"Drinking bleach cures all known viruses, says anonymous online doctor. 530",0
A local man claims he built a time machine out of a microwave and a toaster. 19,0
A local man claims he built a time machine out of a microwave and a toaster. 631,0
The local government passed a new bill to improve public transportation infrastructure. 788,1
Scientists have discovered a new exoplanet that could potentially support water. 767,1
The upcoming election is seeing record voter registration numbers across the state. 619,1
The upcoming election is seeing record voter registration numbers across the state. 872,1
The earth is actually flat and NASA has been hiding the truth with CGI. 717,0
"Drinking bleach cures all known viruses, says anonymous online doctor. 155",0
The local government passed a new bill to improve public transportation infrastructure. 486,1
The local government passed a new bill to improve public transportation infrastructure. 150,1
Aliens have landed in Central Park and are distributing free Wi-Fi routers. 453,0
"Drinking bleach cures all known viruses, says anonymous online doctor. 990",0
A local man claims he built a time machine out of a microwave and a toaster. 496,0
The earth is actually flat and NASA has been hiding the truth with CGI. 86,0
Aliens have landed in Central Park and are distributing free Wi-Fi routers. 971,0
"Drinking bleach cures all known viruses, says anonymous online doctor. 61",0
Aliens have landed in Central Park and are distributing free Wi-Fi routers. 123,0
The earth is actually flat and NASA has been hiding the truth with CGI. 165,0
Aliens have landed in Central Park and are distributing free Wi-Fi routers. 816,0
Eating five pounds of chocolate a day is scientifically proven to reverse aging completely. 681,0
Eating five pounds of chocolate a day is scientifically proven to reverse aging completely. 942,0
A local man claims he built a time machine out of a microwave and a toaster. 615,0
A local man claims he built a time machine out of a microwave and a toaster. 219,0
Aliens have landed in Central Park and are distributing free Wi-Fi routers. 580,0
The stock market saw a significant increase today following the Federal Reserve's announcement. 984,1
The local government passed a new bill to improve public transportation infrastructure. 297,1
The earth is actually flat and NASA has been hiding the truth with CGI. 447,0
The upcoming election is seeing record voter registration numbers across the state. 508,1
"Drinking bleach cures all known viruses, says anonymous online doctor. 694",0
The stock market saw a significant increase today following the Federal Reserve's announcement. 338,1
Aliens have landed in Central Park and are distributing free Wi-Fi routers. 130,0
The stock market saw a significant increase today following the Federal Reserve's announcement. 319,1
"Drinking bleach cures all known viruses, says anonymous online doctor. 771",0
Aliens have landed in Central Park and are distributing free Wi-Fi routers. 348,0
A local man claims he built a time machine out of a microwave and a toaster. 166,0
A local man claims he built a time machine out of a microwave and a toaster. 310,0
"Drinking bleach cures all known viruses, says anonymous online doctor. 631",0
The earth is actually flat and NASA has been hiding the truth with CGI. 925,0
The stock market saw a significant increase today following the Federal Reserve's announcement. 477,1
The earth is actually flat and NASA has been hiding the truth with CGI. 199,0
The stock market saw a significant increase today following the Federal Reserve's announcement. 304,1
A local man claims he built a time machine out of a microwave and a toaster. 16,0
"Drinking bleach cures all known viruses, says anonymous online doctor. 899",0
Aliens have landed in Central Park and are distributing free Wi-Fi routers. 317,0
The stock market saw a significant increase today following the Federal Reserve's announcement. 913,1
The earth is actually flat and NASA has been hiding the truth with CGI. 470,0
The earth is actually flat and NASA has been hiding the truth with CGI. 197,0
Scientists have discovered a new exoplanet that could potentially support water. 965,1
The local government passed a new bill to improve public transportation infrastructure. 534,1
"Drinking bleach cures all known viruses, says anonymous online doctor. 24",0
The local government passed a new bill to improve public transportation infrastructure. 169,1
Eating five pounds of chocolate a day is scientifically proven to reverse aging completely. 405,0
The earth is actually flat and NASA has been hiding the truth with CGI. 439,0
The local government passed a new bill to improve public transportation infrastructure. 223,1
The upcoming election is seeing record voter registration numbers across the state. 672,1
The earth is actually flat and NASA has been hiding the truth with CGI. 224,0
A local man claims he built a time machine out of a microwave and a toaster. 831,0
"Drinking bleach cures all known viruses, says anonymous online doctor. 330",0
A local man claims he built a time machine out of a microwave and a toaster. 668,0
The earth is actually flat and NASA has been hiding the truth with CGI. 619,0
Eating five pounds of chocolate a day is scientifically proven to reverse aging completely. 704,0
Aliens have landed in Central Park and are distributing free Wi-Fi routers. 471,0
The earth is actually flat and NASA has been hiding the truth with CGI. 232,0
A major tech company unveiled its latest smartphone featuring an advanced AI chip. 996,1
"Drinking bleach cures all known viruses, says anonymous online doctor. 927",0
A local man claims he built a time machine out of a microwave and a toaster. 128,0
The earth is actually flat and NASA has been hiding the truth with CGI. 306,0
Scientists have discovered a new exoplanet that could potentially support water. 631,1
A local man claims he built a time machine out of a microwave and a toaster. 622,0
The local government passed a new bill to improve public transportation infrastructure. 110,1
The local government passed a new bill to improve public transportation infrastructure. 291,1
"Drinking bleach cures all known viruses, says anonymous online doctor. 560",0
"Drinking bleach cures all known viruses, says anonymous online doctor. 640",0
The stock market saw a significant increase today following the Federal Reserve's announcement. 746,1
The upcoming election is seeing record voter registration numbers across the state. 157,1
The local government passed a new bill to improve public transportation infrastructure. 102,1
Aliens have landed in Central Park and are distributing free Wi-Fi routers. 834,0
The stock market saw a significant increase today following the Federal Reserve's announcement. 674,1
The upcoming election is seeing record voter registration numbers across the state. 544,1
A local man claims he built a time machine out of a microwave and a toaster. 161,0
A major tech company unveiled its latest smartphone featuring an advanced AI chip. 143,1
A major tech company unveiled its latest smartphone featuring an advanced AI chip. 961,1
A major tech company unveiled its latest smartphone featuring an advanced AI chip. 769,1
"Drinking bleach cures all known viruses, says anonymous online doctor. 951",0
Scientists have discovered a new exoplanet that could potentially support water. 420,1
A local man claims he built a time machine out of a microwave and a toaster. 506,0
A major tech company unveiled its latest smartphone featuring an advanced AI chip. 451,1
A major tech company unveiled its latest smartphone featuring an advanced AI chip. 522,1
The local government passed a new bill to improve public transportation infrastructure. 1,1
Scientists have discovered a new exoplanet that could potentially support water. 644,1
A local man claims he built a time machine out of a microwave and a toaster. 167,0
A major tech company unveiled its latest smartphone featuring an advanced AI chip. 410,1
Eating five pounds of chocolate a day is scientifically proven to reverse aging completely. 319,0
Aliens have landed in Central Park and are distributing free Wi-Fi routers. 300,0
The earth is actually flat and NASA has been hiding the truth with CGI. 930,0
A local man claims he built a time machine out of a microwave and a toaster. 661,0
The upcoming election is seeing record voter registration numbers across the state. 571,1
A local man claims he built a time machine out of a microwave and a toaster. 570,0
The upcoming election is seeing record voter registration numbers across the state. 367,1
Scientists have discovered a new exoplanet that could potentially support water. 751,1
The stock market saw a significant increase today following the Federal Reserve's announcement. 224,1
The local government passed a new bill to improve public transportation infrastructure. 13,1
The upcoming election is seeing record voter registration numbers across the state. 910,1
The local government passed a new bill to improve public transportation infrastructure. 564,1
The earth is actually flat and NASA has been hiding the truth with CGI. 55,0
Scientists have discovered a new exoplanet that could potentially support water. 225,1
Eating five pounds of chocolate a day is scientifically proven to reverse aging completely. 896,0
The local government passed a new bill to improve public transportation infrastructure. 335,1
The earth is actually flat and NASA has been hiding the truth with CGI. 678,0
The local government passed a new bill to improve public transportation infrastructure. 546,1
The earth is actually flat and NASA has been hiding the truth with CGI. 855,0
"Drinking bleach cures all known viruses, says anonymous online doctor. 709",0
"Drinking bleach cures all known viruses, says anonymous online doctor. 827",0
The stock market saw a significant increase today following the Federal Reserve's announcement. 468,1
Eating five pounds of chocolate a day is scientifically proven to reverse aging completely. 787,0
Scientists have discovered a new exoplanet that could potentially support water. 695,1
Eating five pounds of chocolate a day is scientifically proven to reverse aging completely. 313,0
Scientists have discovered a new exoplanet that could potentially support water. 866,1
The stock market saw a significant increase today following the Federal Reserve's announcement. 190,1
Eating five pounds of chocolate a day is scientifically proven to reverse aging completely. 338,0
Aliens have landed in Central Park and are distributing free Wi-Fi routers. 924,0
A local man claims he built a time machine out of a microwave and a toaster. 48,0
The upcoming election is seeing record voter registration numbers across the state. 243,1
Scientists have discovered a new exoplanet that could potentially support water. 487,1
Scientists have discovered a new exoplanet that could potentially support water. 637,1
Aliens have landed in Central Park and are distributing free Wi-Fi routers. 839,0
"Drinking bleach cures all known viruses, says anonymous online doctor. 116",0
Scientists have discovered a new exoplanet that could potentially support water. 189,1
A local man claims he built a time machine out of a microwave and a toaster. 288,0
Scientists have discovered a new exoplanet that could potentially support water. 152,1
Eating five pounds of chocolate a day is scientifically proven to reverse aging completely. 96,0
Eating five pounds of chocolate a day is scientifically proven to reverse aging completely. 473,0
The stock market saw a significant increase today following the Federal Reserve's announcement. 334,1
Aliens have landed in Central Park and are distributing free Wi-Fi routers. 317,0
The upcoming election is seeing record voter registration numbers across the state. 128,1
Scientists have discovered a new exoplanet that could potentially support water. 776,1
A local man claims he built a time machine out of a microwave and a toaster. 69,0
A local man claims he built a time machine out of a microwave and a toaster. 805,0
Eating five pounds of chocolate a day is scientifically proven to reverse aging completely. 821,0
The stock market saw a significant increase today following the Federal Reserve's announcement. 316,1
The stock market saw a significant increase today following the Federal Reserve's announcement. 839,1
The upcoming election is seeing record voter registration numbers across the state. 301,1
Aliens have landed in Central Park and are distributing free Wi-Fi routers. 958,0
The earth is actually flat and NASA has been hiding the truth with CGI. 497,0
The local government passed a new bill to improve public transportation infrastructure. 826,1
The upcoming election is seeing record voter registration numbers across the state. 98,1
Scientists have discovered a new exoplanet that could potentially support water. 709,1
Scientists have discovered a new exoplanet that could potentially support water. 412,1
The upcoming election is seeing record voter registration numbers across the state. 279,1
A local man claims he built a time machine out of a microwave and a toaster. 883,0
"Drinking bleach cures all known viruses, says anonymous online doctor. 746",0
The stock market saw a significant increase today following the Federal Reserve's announcement. 73,1
Eating five pounds of chocolate a day is scientifically proven to reverse aging completely. 772,0
Scientists have discovered a new exoplanet that could potentially support water. 838,1
A major tech company unveiled its latest smartphone featuring an advanced AI chip. 755,1
The stock market saw a significant increase today following the Federal Reserve's announcement. 935,1
Aliens have landed in Central Park and are distributing free Wi-Fi routers. 474,0
The local government passed a new bill to improve public transportation infrastructure. 949,1
A major tech company unveiled its latest smartphone featuring an advanced AI chip. 828,1
Scientists have discovered a new exoplanet that could potentially support water. 924,1
Aliens have landed in Central Park and are distributing free Wi-Fi routers. 994,0
A local man claims he built a time machine out of a microwave and a toaster. 858,0
Eating five pounds of chocolate a day is scientifically proven to reverse aging completely. 252,0
The earth is actually flat and NASA has been hiding the truth with CGI. 140,0
The upcoming election is seeing record voter registration numbers across the state. 496,1
Aliens have landed in Central Park and are distributing free Wi-Fi routers. 467,0
"Drinking bleach cures all known viruses, says anonymous online doctor. 700",0
Eating five pounds of chocolate a day is scientifically proven to reverse aging completely. 701,0
A major tech company unveiled its latest smartphone featuring an advanced AI chip. 842,1
Eating five pounds of chocolate a day is scientifically proven to reverse aging completely. 873,0
Aliens have landed in Central Park and are distributing free Wi-Fi routers. 689,0
A local man claims he built a time machine out of a microwave and a toaster. 331,0
Eating five pounds of chocolate a day is scientifically proven to reverse aging completely. 646,0
The upcoming election is seeing record voter registration numbers across the state. 160,1
A local man claims he built a time machine out of a microwave and a toaster. 24,0
"Drinking bleach cures all known viruses, says anonymous online doctor. 962",0
The stock market saw a significant increase today following the Federal Reserve's announcement. 664,1
Eating five pounds of chocolate a day is scientifically proven to reverse aging completely. 862,0
Aliens have landed in Central Park and are distributing free Wi-Fi routers. 856,0
A major tech company unveiled its latest smartphone featuring an advanced AI chip. 354,1
The upcoming election is seeing record voter registration numbers across the state. 125,1
Aliens have landed in Central Park and are distributing free Wi-Fi routers. 155,0
Eating five pounds of chocolate a day is scientifically proven to reverse aging completely. 507,0
A local man claims he built a time machine out of a microwave and a toaster. 243,0
The local government passed a new bill to improve public transportation infrastructure. 344,1
Scientists have discovered a new exoplanet that could potentially support water. 915,1
A major tech company unveiled its latest smartphone featuring an advanced AI chip. 551,1
The upcoming election is seeing record voter registration numbers across the state. 212,1
The stock market saw a significant increase today following the Federal Reserve's announcement. 378,1
Scientists have discovered a new exoplanet that could potentially support water. 195,1
Aliens have landed in Central Park and are distributing free Wi-Fi routers. 537,0
Scientists have discovered a new exoplanet that could potentially support water. 194,1
The stock market saw a significant increase today following the Federal Reserve's announcement. 257,1
Aliens have landed in Central Park and are distributing free Wi-Fi routers. 450,0
A major tech company unveiled its latest smartphone featuring an advanced AI chip. 382,1
Scientists have discovered a new exoplanet that could potentially support water. 859,1
A major tech company unveiled its latest smartphone featuring an advanced AI chip. 52,1
"Drinking bleach cures all known viruses, says anonymous online doctor. 450",0
A major tech company unveiled its latest smartphone featuring an advanced AI chip. 517,1
Eating five pounds of chocolate a day is scientifically proven to reverse aging completely. 740,0
The stock market saw a significant increase today following the Federal Reserve's announcement. 1000,1
The earth is actually flat and NASA has been hiding the truth with CGI. 328,0
Eating five pounds of chocolate a day is scientifically proven to reverse aging completely. 682,0
The upcoming election is seeing record voter registration numbers across the state. 681,1
The local government passed a new bill to improve public transportation infrastructure. 589,1
The local government passed a new bill to improve public transportation infrastructure. 665,1
A major tech company unveiled its latest smartphone featuring an advanced AI chip. 185,1
The stock market saw a significant increase today following the Federal Reserve's announcement. 669,1
The upcoming election is seeing record voter registration numbers across the state. 915,1
Scientists have discovered a new exoplanet that could potentially support water. 91,1
Scientists have discovered a new exoplanet that could potentially support water. 177,1
"Drinking bleach cures all known viruses, says anonymous online doctor. 327",0
The stock market saw a significant increase today following the Federal Reserve's announcement. 182,1
Aliens have landed in Central Park and are distributing free Wi-Fi routers. 892,0
Scientists have discovered a new exoplanet that could potentially support water. 585,1
Scientists have discovered a new exoplanet that could potentially support water. 90,1
The stock market saw a significant increase today following the Federal Reserve's announcement. 213,1
Aliens have landed in Central Park and are distributing free Wi-Fi routers. 244,0
The stock market saw a significant increase today following the Federal Reserve's announcement. 247,1
The local government passed a new bill to improve public transportation infrastructure. 360,1
